{
  "weights": {
    "W1": [
      [
        -5.0,
        -4.999999999835308,
        -5.0,
        4.936559080370835,
        5.0,
        -4.84105337955382,
        5.0,
        5.0,
        2.12388559875134,
        -5.0
      ],
      [
        5.0,
        -5.0,
        5.0,
        5.0,
        -4.999999684934928,
        5.0,
        5.0,
        5.0,
        5.0,
        5.0
      ],
      [
        4.993624060925364,
        -5.0,
        -5.0,
        -5.0,
        -1.3560560901257817,
        -5.0,
        5.0,
        -5.0,
        5.0,
        5.0
      ],
      [
        -5.0,
        5.0,
        5.0,
        5.0,
        -5.0,
        -5.0,
        5.0,
        -3.0939753942052355,
        -5.0,
        5.0
      ],
      [
        5.0,
        5.0,
        5.0,
        -5.0,
        5.0,
        -5.0,
        5.0,
        -5.0,
        -5.0,
        4.999999997983925
      ],
      [
        -5.0,
        5.0,
        5.0,
        -4.343864733417117,
        -2.670039977251654,
        5.0,
        5.0,
        -5.0,
        -0.2029304149511971,
        5.0
      ],
      [
        -5.0,
        5.0,
        5.0,
        5.0,
        -5.0,
        -5.0,
        5.0,
        5.0,
        4.99999976990861,
        5.0
      ],
      [
        5.0,
        5.0,
        -5.0,
        -5.0,
        -5.0,
        -5.0,
        -4.999999999999955,
        -4.986192337433517,
        5.0,
        5.0
      ],
      [
        5.0,
        5.0,
        -5.0,
        3.8174481031822673,
        4.999998436275414,
        5.0,
        -4.785111898425862,
        5.0,
        -4.999999997851342,
        5.0
      ],
      [
        4.999999930393728,
        -5.0,
        -5.0,
        5.0,
        5.0,
        -5.0,
        5.0,
        -5.0,
        5.0,
        5.0
      ]
    ],
    "b1": [
      [
        5.0,
        -5.0,
        -5.0,
        -5.0,
        -5.0,
        -5.0,
        -5.0,
        -5.0,
        5.0,
        -5.0
      ]
    ],
    "W2": [
      [
        -5.0
      ],
      [
        5.0
      ],
      [
        5.0
      ],
      [
        5.0
      ],
      [
        -5.0
      ],
      [
        -5.0
      ],
      [
        5.0
      ],
      [
        -5.0
      ],
      [
        -5.0
      ],
      [
        5.0
      ]
    ],
    "b2": [
      [
        5.0
      ]
    ]
  },
  "meta": {
    "feature_names": [
      "OPC",
      "MK",
      "Water",
      "Sand",
      "GW",
      "CoarseAggregate",
      "Barite",
      "Superplasticizer",
      "w_b",
      "Age"
    ],
    "target_name": "CS",
    "rmse_train": 15.197524463886168
  }
}